"country.ABW" "en" "Aruba"
"country.ABW" "fi" "Aruba"
"country.ABW" "sv" "Aruba"
"country.AFG" "en" "Afghanistan"
"country.AFG" "fi" "Afganistan"
"country.AFG" "sv" "Afghanistan"
"country.AGO" "en" "Angola"
"country.AGO" "fi" "Angola"
"country.AGO" "sv" "Angola"
"country.AIA" "en" "Anguilla"
"country.AIA" "fi" "Anguilla"
"country.AIA" "sv" "Anguilla"
"country.ALA" "en" "Åland"
"country.ALA" "fi" "Ahvenanmaa"
"country.ALA" "sv" "Åland"
"country.ALB" "en" "Albania"
"country.ALB" "fi" "Albania"
"country.ALB" "sv" "Albanien"
"country.AND" "en" "Andorra"
"country.AND" "fi" "Andorra"
"country.AND" "sv" "Andorra"
"country.ARE" "en" "United Arab Emirates"
"country.ARE" "fi" "Arabiemiirikunnat"
"country.ARE" "sv" "Förenade arabemiraten"
"country.ARG" "en" "Argentina"
"country.ARG" "fi" "Argentiina"
"country.ARG" "sv" "Argentina"
"country.ARM" "en" "Armenia"
"country.ARM" "fi" "Armenia"
"country.ARM" "sv" "Armenien"
"country.ASM" "en" "American Samoa"
"country.ASM" "fi" "Amerikan Samoa"
"country.ASM" "sv" "Amerikanska Samoa"
"country.ATA" "en" "Antarctic"
"country.ATA" "fi" "Antarktis"
"country.ATA" "sv" "Antarktis"
"country.ATF" "en" "French Southern Territories"
"country.ATF" "fi" "Ranskan eteläiset alueet"
"country.ATF" "sv" "Franska Syd (- och Antarktis) territorierna"
"country.ATG" "en" "Antigua and Barbuda"
"country.ATG" "fi" "Antigua ja Barbuda"
"country.ATG" "sv" "Antigua och Barbuda"
"country.AUS" "en" "Australia"
"country.AUS" "fi" "Australia"
"country.AUS" "sv" "Australien"
"country.AUT" "en" "Austria"
"country.AUT" "fi" "Itävalta"
"country.AUT" "sv" "Österrike"
"country.AZE" "en" "Azerbaijan"
"country.AZE" "fi" "Azerbaidzan"
"country.AZE" "sv" "Azerbajdjan"
"country.BDI" "en" "Burundi"
"country.BDI" "fi" "Burundi"
"country.BDI" "sv" "Burundi"
"country.BEL" "en" "Belgium"
"country.BEL" "fi" "Belgia"
"country.BEL" "sv" "Belgien"
"country.BEN" "en" "Benin"
"country.BEN" "fi" "Benin"
"country.BEN" "sv" "Benin"
"country.BES" "en" "Bonaire, Sint Eustatius and Saba"
"country.BES" "fi" "Bonaire, Sint Eustatius ja Saba"
"country.BES" "sv" "Bonaire, Sint Eustatius och Saba"
"country.BFA" "en" "Burkina Faso"
"country.BFA" "fi" "Burkina Faso"
"country.BFA" "sv" "Burkina Faso"
"country.BGD" "en" "Bangladesh"
"country.BGD" "fi" "Bangladesh"
"country.BGD" "sv" "Bangladesh"
"country.BGR" "en" "Bulgaria"
"country.BGR" "fi" "Bulgaria"
"country.BGR" "sv" "Bulgarien"
"country.BHR" "en" "Bahrain"
"country.BHR" "fi" "Bahrain"
"country.BHR" "sv" "Bahrain"
"country.BHS" "en" "Bahamas"
"country.BHS" "fi" "Bahama"
"country.BHS" "sv" "Bahamas"
"country.BIH" "en" "Bosnia and Herzegovina"
"country.BIH" "fi" "Bosnia ja Hertsegovina"
"country.BIH" "sv" "Bosnien och Hercegovina"
"country.BLM" "en" "Saint Barthélemy"
"country.BLM" "fi" "Saint Barthélemy"
"country.BLM" "sv" "Saint Barthélemy"
"country.BLR" "en" "Belarus"
"country.BLR" "fi" "Valko-Venäjä"
"country.BLR" "sv" "Vitryssland"
"country.BLZ" "en" "Belize"
"country.BLZ" "fi" "Belize"
"country.BLZ" "sv" "Belize"
"country.BMU" "en" "Bermuda"
"country.BMU" "fi" "Bermuda"
"country.BMU" "sv" "Bermuda"
"country.BOL" "en" "Bolivia"
"country.BOL" "fi" "Bolivia"
"country.BOL" "sv" "Bolivia"
"country.BRA" "en" "Brazil"
"country.BRA" "fi" "Brasilia"
"country.BRA" "sv" "Brasilien"
"country.BRB" "en" "Barbados"
"country.BRB" "fi" "Barbados"
"country.BRB" "sv" "Barbados"
"country.BRN" "en" "Brunei"
"country.BRN" "fi" "Brunei"
"country.BRN" "sv" "Brunei"
"country.BTN" "en" "Bhutan"
"country.BTN" "fi" "Bhutan"
"country.BTN" "sv" "Bhutan"
"country.BVT" "en" "Bouvet Island"
"country.BVT" "fi" "Bouvet’nsaari"
"country.BVT" "sv" "Bouvetön"
"country.BWA" "en" "Botswana"
"country.BWA" "fi" "Botswana"
"country.BWA" "sv" "Botswana"
"country.CAF" "en" "Central African Republic"
"country.CAF" "fi" "Keski-Afrikan tasavalta"
"country.CAF" "sv" "Centralafrikanska republiken"
"country.CAN" "en" "Canada"
"country.CAN" "fi" "Kanada"
"country.CAN" "sv" "Canada"
"country.CCK" "en" "Cocos"
"country.CCK" "fi" "Kookossaaret"
"country.CCK" "sv" "Cocosöarna"
"country.CHE" "en" "Switzerland"
"country.CHE" "fi" "Sveitsi"
"country.CHE" "sv" "Schweiz"
"country.CHL" "en" "Chile"
"country.CHL" "fi" "Chile"
"country.CHL" "sv" "Chile"
"country.CHN" "en" "China"
"country.CHN" "fi" "Kiina"
"country.CHN" "sv" "Kina"
"country.CIV" "en" "Ivory Coast"
"country.CIV" "fi" "Norsunluurannikko"
"country.CIV" "sv" "Elfenbenskusten"
"country.CMR" "en" "Cameroon"
"country.CMR" "fi" "Kamerun"
"country.CMR" "sv" "Kamerun"
"country.COD" "en" "Congo (Congo-Kinshasa)"
"country.COD" "fi" "Kongo (Kongo-Kinshasa)"
"country.COD" "sv" "Kongo (Kongo-Kinshasa)"
"country.COG" "en" "Congo (Congo-Brazzaville)"
"country.COG" "fi" "Kongo (Kongo-Brazzaville)"
"country.COG" "sv" "Kongo (Kongo-Brazzaville)"
"country.COK" "en" "Cook Islands"
"country.COK" "fi" "Cookinsaaret"
"country.COK" "sv" "Cooköarna"
"country.COL" "en" "Colombia"
"country.COL" "fi" "Kolumbia"
"country.COL" "sv" "Colombia"
"country.COM" "en" "Comoros"
"country.COM" "fi" "Komorit"
"country.COM" "sv" "Comorerna"
"country.CPV" "en" "Cape Verde"
"country.CPV" "fi" "Kap Verde"
"country.CPV" "sv" "Kap Verde"
"country.CRI" "en" "Costa Rica"
"country.CRI" "fi" "Costa Rica"
"country.CRI" "sv" "Costa Rica"
"country.CUB" "en" "Cuba"
"country.CUB" "fi" "Kuuba"
"country.CUB" "sv" "Cuba"
"country.CUW" "en" "Curaçao"
"country.CUW" "fi" "Curaçao"
"country.CUW" "sv" "Curaçao"
"country.CXR" "en" "Christmas Island"
"country.CXR" "fi" "Joulusaari"
"country.CXR" "sv" "Julön"
"country.CYM" "en" "Cayman Islands"
"country.CYM" "fi" "Caymansaaret"
"country.CYM" "sv" "Caymanöarna"
"country.CYP" "en" "Cyprus"
"country.CYP" "fi" "Kypros"
"country.CYP" "sv" "Cypern"
"country.CZE" "en" "The Czech Republic"
"country.CZE" "fi" "Tsekki"
"country.CZE" "sv" "Tjeckien"
"country.DEU" "en" "Germany"
"country.DEU" "fi" "Saksa"
"country.DEU" "sv" "Tyskland"
"country.DJI" "en" "Djibouti"
"country.DJI" "fi" "Djibouti"
"country.DJI" "sv" "Djibouti"
"country.DMA" "en" "Dominica"
"country.DMA" "fi" "Dominica"
"country.DMA" "sv" "Dominica"
"country.DNK" "en" "Denmark"
"country.DNK" "fi" "Tanska"
"country.DNK" "sv" "Danmark"
"country.DOM" "en" "Dominican Republic"
"country.DOM" "fi" "Dominikaaninen tasavalta"
"country.DOM" "sv" "Dominikanska republiken"
"country.DZA" "en" "Algeria"
"country.DZA" "fi" "Algeria"
"country.DZA" "sv" "Algeriet"
"country.ECU" "en" "Ecuador"
"country.ECU" "fi" "Ecuador"
"country.ECU" "sv" "Ecuador"
"country.EGY" "en" "Egypt"
"country.EGY" "fi" "Egypti"
"country.EGY" "sv" "Egypten"
"country.ERI" "en" "Eritrea"
"country.ERI" "fi" "Eritrea"
"country.ERI" "sv" "Eritrea"
"country.ESH" "en" "Western Sahara"
"country.ESH" "fi" "Länsi-Sahara"
"country.ESH" "sv" "Västsahara"
"country.ESP" "en" "Spain"
"country.ESP" "fi" "Espanja"
"country.ESP" "sv" "Spanien"
"country.EST" "en" "Estonia"
"country.EST" "fi" "Viro"
"country.EST" "sv" "Estland"
"country.ETH" "en" "Ethiopia"
"country.ETH" "fi" "Etiopia"
"country.ETH" "sv" "Etiopien"
"country.FIN" "en" "Finland"
"country.FIN" "fi" "Suomi"
"country.FIN" "sv" "Finland"
"country.FJI" "en" "Fiji"
"country.FJI" "fi" "Fidzi"
"country.FJI" "sv" "Fiji"
"country.FLK" "en" "Falkland Islands"
"country.FLK" "fi" "Falklandinsaaret"
"country.FLK" "sv" "Falklandsöarna"
"country.FRA" "en" "France"
"country.FRA" "fi" "Ranska"
"country.FRA" "sv" "Frankrike"
"country.FRO" "en" "Faeroe"
"country.FRO" "fi" "Färsaaret"
"country.FRO" "sv" "Färöarna"
"country.FSM" "en" "Federated States of Micronesia"
"country.FSM" "fi" "Mikronesia"
"country.FSM" "sv" "Mikronesien"
"country.GAB" "en" "Gabon"
"country.GAB" "fi" "Gabon"
"country.GAB" "sv" "Gabon"
"country.GBR" "en" "Britain"
"country.GBR" "fi" "Britannia"
"country.GBR" "sv" "Storbritannien"
"country.GEO" "en" "Georgia"
"country.GEO" "fi" "Georgia"
"country.GEO" "sv" "Georgien"
"country.GGY" "en" "Guernsey"
"country.GGY" "fi" "Guernsey"
"country.GGY" "sv" "Guernsey"
"country.GHA" "en" "Ghana"
"country.GHA" "fi" "Ghana"
"country.GHA" "sv" "Ghana"
"country.GIB" "en" "The rock"
"country.GIB" "fi" "Gibraltar"
"country.GIB" "sv" "Gibraltar"
"country.GIN" "en" "Guinea"
"country.GIN" "fi" "Guinea"
"country.GIN" "sv" "Guinea"
"country.GLP" "en" "Guadeloupe"
"country.GLP" "fi" "Guadeloupe"
"country.GLP" "sv" "Guadeloupe"
"country.GMB" "en" "Gambia"
"country.GMB" "fi" "Gambia"
"country.GMB" "sv" "Gambia"
"country.GNB" "en" "Guinea-Bissau"
"country.GNB" "fi" "Guinea-Bissau"
"country.GNB" "sv" "Guinea-Bissau"
"country.GNQ" "en" "Equatorial Guinea"
"country.GNQ" "fi" "Päiväntasaajan Guinea"
"country.GNQ" "sv" "Ekvatorialguinea"
"country.GRC" "en" "Greece"
"country.GRC" "fi" "Kreikka"
"country.GRC" "sv" "Grekland"
"country.GRD" "en" "Grenada"
"country.GRD" "fi" "Grenada"
"country.GRD" "sv" "Grenada"
"country.GRL" "en" "Greenland"
"country.GRL" "fi" "Grönlanti"
"country.GRL" "sv" "Grönland"
"country.GTM" "en" "Guatemala"
"country.GTM" "fi" "Guatemala"
"country.GTM" "sv" "Guatemala"
"country.GUF" "en" "French Guiana"
"country.GUF" "fi" "Ranskan Guayana"
"country.GUF" "sv" "Franska Guyana"
"country.GUM" "en" "Guam"
"country.GUM" "fi" "Guam"
"country.GUM" "sv" "Guam"
"country.GUY" "en" "Guyana"
"country.GUY" "fi" "Guyana"
"country.GUY" "sv" "Guyana"
"country.HKG" "en" "Hong Kong"
"country.HKG" "fi" "Hongkong"
"country.HKG" "sv" "Hongkong"
"country.HMD" "en" "Heard and McDonald Islands"
"country.HMD" "fi" "Heard ja McDonaldinsaaret"
"country.HMD" "sv" "Heard- och McDonaldöarna"
"country.HND" "en" "Honduras"
"country.HND" "fi" "Honduras"
"country.HND" "sv" "Honduras"
"country.HRV" "en" "Croatia"
"country.HRV" "fi" "Kroatia"
"country.HRV" "sv" "Kroatien"
"country.HTI" "en" "Haiti"
"country.HTI" "fi" "Haiti"
"country.HTI" "sv" "Haiti"
"country.HUN" "en" "Hungary"
"country.HUN" "fi" "Unkari"
"country.HUN" "sv" "Ungern"
"country.IDN" "en" "Indonesia"
"country.IDN" "fi" "Indonesia"
"country.IDN" "sv" "Indonesien"
"country.IMN" "en" "Man"
"country.IMN" "fi" "Mansaari"
"country.IMN" "sv" "Isle of Man"
"country.IND" "en" "India"
"country.IND" "fi" "Intia"
"country.IND" "sv" "Indien"
"country.IOT" "en" "British Indian Ocean Territory"
"country.IOT" "fi" "Brittiläinen Intian valtameren alue"
"country.IOT" "sv" "Brittiska Indiska Oceanöarna"
"country.IRL" "en" "Ireland"
"country.IRL" "fi" "Irlanti"
"country.IRL" "sv" "Irland"
"country.IRN" "en" "Iran"
"country.IRN" "fi" "Iran"
"country.IRN" "sv" "Iran"
"country.IRQ" "en" "Iraq"
"country.IRQ" "fi" "Irak"
"country.IRQ" "sv" "Irak"
"country.ISL" "en" "Iceland"
"country.ISL" "fi" "Islanti"
"country.ISL" "sv" "Island"
"country.ISR" "en" "Israel"
"country.ISR" "fi" "Israel"
"country.ISR" "sv" "Israel"
"country.ITA" "en" "Italy"
"country.ITA" "fi" "Italia"
"country.ITA" "sv" "Italien"
"country.JAM" "en" "Jamaica"
"country.JAM" "fi" "Jamaika"
"country.JAM" "sv" "Jamaica"
"country.JEY" "en" "Jersey"
"country.JEY" "fi" "Jersey"
"country.JEY" "sv" "Jersey"
"country.JOR" "en" "Jordan"
"country.JOR" "fi" "Jordania"
"country.JOR" "sv" "Jordanien"
"country.JPN" "en" "Japan"
"country.JPN" "fi" "Japani"
"country.JPN" "sv" "Japan"
"country.KAZ" "en" "Kazakhstan"
"country.KAZ" "fi" "Kazakstan"
"country.KAZ" "sv" "Kazakstan"
"country.KEN" "en" "Kenya"
"country.KEN" "fi" "Kenia"
"country.KEN" "sv" "Kenya"
"country.KGZ" "en" "Kyrgyzstan"
"country.KGZ" "fi" "Kirgisia"
"country.KGZ" "sv" "Kirgisistan"
"country.KHM" "en" "Cambodia"
"country.KHM" "fi" "Kambodza"
"country.KHM" "sv" "Kambodja"
"country.KIR" "en" "Kiribati"
"country.KIR" "fi" "Kiribati"
"country.KIR" "sv" "Kiribati"
"country.KNA" "en" "Saint Kitts and Nevis"
"country.KNA" "fi" "Saint Kitts ja Nevis"
"country.KNA" "sv" "Saint Kitts och Nevis"
"country.KOR" "en" "The Republic of Korea (South Korea)"
"country.KOR" "fi" "Korean tasavalta (Etelä-Korea)"
"country.KOR" "sv" "Republiken Korea (Sydkorea)"
"country.KWT" "en" "Kuwait"
"country.KWT" "fi" "Kuwait"
"country.KWT" "sv" "Kuwait"
"country.LAO" "en" "Laos"
"country.LAO" "fi" "Laos"
"country.LAO" "sv" "Laos"
"country.LBN" "en" "Lebanon"
"country.LBN" "fi" "Libanon"
"country.LBN" "sv" "Libanon"
"country.LBR" "en" "Liberia"
"country.LBR" "fi" "Liberia"
"country.LBR" "sv" "Liberia"
"country.LBY" "en" "Libya"
"country.LBY" "fi" "Libya"
"country.LBY" "sv" "Libyen"
"country.LCA" "en" "Saint Lucia"
"country.LCA" "fi" "Saint Lucia"
"country.LCA" "sv" "Saint Lucia"
"country.LIE" "en" "Liechtenstein"
"country.LIE" "fi" "Liechtenstein"
"country.LIE" "sv" "Liechtenstein"
"country.LKA" "en" "Sri Lanka"
"country.LKA" "fi" "Sri Lanka"
"country.LKA" "sv" "Sri Lanka"
"country.LSO" "en" "Lesotho"
"country.LSO" "fi" "Lesotho"
"country.LSO" "sv" "Lesotho"
"country.LTU" "en" "Lithuania"
"country.LTU" "fi" "Liettua"
"country.LTU" "sv" "Litauen"
"country.LUX" "en" "Luxembourg"
"country.LUX" "fi" "Luxemburg"
"country.LUX" "sv" "Luxemburg"
"country.LVA" "en" "Latvia"
"country.LVA" "fi" "Latvia"
"country.LVA" "sv" "Lettland"
"country.MAC" "en" "Macao"
"country.MAC" "fi" "Macao"
"country.MAC" "sv" "Macao"
"country.MAF" "en" "Saint Martin"
"country.MAF" "fi" "Saint Martin"
"country.MAF" "sv" "Saint Martin"
"country.MAR" "en" "Morocco"
"country.MAR" "fi" "Marokko"
"country.MAR" "sv" "Marocko"
"country.MCO" "en" "Monaco"
"country.MCO" "fi" "Monaco"
"country.MCO" "sv" "Monaco"
"country.MDA" "en" "Moldova"
"country.MDA" "fi" "Moldova"
"country.MDA" "sv" "Moldavien"
"country.MDG" "en" "Madagascar"
"country.MDG" "fi" "Madagaskar"
"country.MDG" "sv" "Madagaskar"
"country.MDV" "en" "Maldives"
"country.MDV" "fi" "Malediivit"
"country.MDV" "sv" "Maldiverna"
"country.MEX" "en" "Mexico"
"country.MEX" "fi" "Meksiko"
"country.MEX" "sv" "Mexico"
"country.MHL" "en" "Marshall Islands"
"country.MHL" "fi" "Marshallinsaaret"
"country.MHL" "sv" "Marshallöarna"
"country.MKD" "en" "Macedonia"
"country.MKD" "fi" "Makedonia"
"country.MKD" "sv" "Makedonien"
"country.MLI" "en" "Wormwood"
"country.MLI" "fi" "Mali"
"country.MLI" "sv" "Mali"
"country.MLT" "en" "Malta"
"country.MLT" "fi" "Malta"
"country.MLT" "sv" "Malta"
"country.MMR" "en" "Myanmar"
"country.MMR" "fi" "Myanmar"
"country.MMR" "sv" "Myanmar"
"country.MNE" "en" "Montenegro"
"country.MNE" "fi" "Montenegro"
"country.MNE" "sv" "Montenegro"
"country.MNG" "en" "Mongolia"
"country.MNG" "fi" "Mongolia"
"country.MNG" "sv" "Mongoliet"
"country.MNP" "en" "Northern Mariana Islands"
"country.MNP" "fi" "Pohjois-Mariaanit"
"country.MNP" "sv" "Nordmarianerna"
"country.MOZ" "en" "Mozambique"
"country.MOZ" "fi" "Mosambik"
"country.MOZ" "sv" "Moçambique"
"country.MRT" "en" "Mauritania"
"country.MRT" "fi" "Mauritania"
"country.MRT" "sv" "Mauretanien"
"country.MSR" "en" "Montserrat"
"country.MSR" "fi" "Montserrat"
"country.MSR" "sv" "Montserrat"
"country.MTQ" "en" "Martinique"
"country.MTQ" "fi" "Martinique"
"country.MTQ" "sv" "Martinique"
"country.MUS" "en" "Mauritius"
"country.MUS" "fi" "Mauritius"
"country.MUS" "sv" "Mauritius"
"country.MWI" "en" "Malawi"
"country.MWI" "fi" "Malawi"
"country.MWI" "sv" "Malawi"
"country.MYS" "en" "Malaysia"
"country.MYS" "fi" "Malesia"
"country.MYS" "sv" "Malaysia"
"country.MYT" "en" "Mayotte"
"country.MYT" "fi" "Mayotte"
"country.MYT" "sv" "Mayotte"
"country.NAM" "en" "Namibia"
"country.NAM" "fi" "Namibia"
"country.NAM" "sv" "Namibia"
"country.NCL" "en" "New Caledonia"
"country.NCL" "fi" "Uusi-Kaledonia"
"country.NCL" "sv" "Nya Caledonien"
"country.NER" "en" "Niger"
"country.NER" "fi" "Niger"
"country.NER" "sv" "Niger"
"country.NFK" "en" "Norfolk Island"
"country.NFK" "fi" "Norfolkinsaari"
"country.NFK" "sv" "Norfolkön"
"country.NGA" "en" "Nigeria"
"country.NGA" "fi" "Nigeria"
"country.NGA" "sv" "Nigeria"
"country.NIC" "en" "Nicaragua"
"country.NIC" "fi" "Nicaragua"
"country.NIC" "sv" "Nicaragua"
"country.NIU" "en" "Niue"
"country.NIU" "fi" "Niue"
"country.NIU" "sv" "Niue"
"country.NLD" "en" "Netherlands"
"country.NLD" "fi" "Alankomaat"
"country.NLD" "sv" "Nederländerna"
"country.NOR" "en" "Norway"
"country.NOR" "fi" "Norja"
"country.NOR" "sv" "Norge"
"country.NPL" "en" "Nepal"
"country.NPL" "fi" "Nepal"
"country.NPL" "sv" "Nepal"
"country.NRU" "en" "Nauru"
"country.NRU" "fi" "Nauru"
"country.NRU" "sv" "Nauru"
"country.NZL" "en" "New Zealand"
"country.NZL" "fi" "Uusi-Seelanti"
"country.NZL" "sv" "Nya Zeeland"
"country.OMN" "en" "Oman"
"country.OMN" "fi" "Oman"
"country.OMN" "sv" "Oman"
"country.PAK" "en" "Pakistan"
"country.PAK" "fi" "Pakistan"
"country.PAK" "sv" "Pakistan"
"country.PAN" "en" "Panama"
"country.PAN" "fi" "Panama"
"country.PAN" "sv" "Panama"
"country.PCN" "en" "Pitcairn"
"country.PCN" "fi" "Pitcairn"
"country.PCN" "sv" "Pitcairn"
"country.PER" "en" "Peru"
"country.PER" "fi" "Peru"
"country.PER" "sv" "Peru"
"country.PHL" "en" "Philippine Islands"
"country.PHL" "fi" "Filippiinit"
"country.PHL" "sv" "Filippinerna"
"country.PLW" "en" "Palau"
"country.PLW" "fi" "Palau"
"country.PLW" "sv" "Palau"
"country.PNG" "en" "Papua New Guinea"
"country.PNG" "fi" "Papua-Uusi-Guinea"
"country.PNG" "sv" "Papua Nya Guinea"
"country.POL" "en" "Poland"
"country.POL" "fi" "Puola"
"country.POL" "sv" "Polen"
"country.PRI" "en" "Puerto Rico"
"country.PRI" "fi" "Puerto Rico"
"country.PRI" "sv" "Puerto Rico"
"country.PRK" "en" "Korea, Democratic People's Republic of (North Korea)"
"country.PRK" "fi" "Korean demokraattinen kansantasavalta (Pohjois-Korea)"
"country.PRK" "sv" "Demokratiska folkrepubliken Korea (Nordkorea)"
"country.PRT" "en" "Portugal"
"country.PRT" "fi" "Portugali"
"country.PRT" "sv" "Portugal"
"country.PRY" "en" "Paraguay"
"country.PRY" "fi" "Paraguay"
"country.PRY" "sv" "Paraguay"
"country.PSE" "en" "Palestine"
"country.PSE" "fi" "Palestiina"
"country.PSE" "sv" "De palestinska områdena"
"country.PYF" "en" "French Polynesia"
"country.PYF" "fi" "Ranskan Polynesia"
"country.PYF" "sv" "Franska Polynesien"
"country.QAT" "en" "Qatar"
"country.QAT" "fi" "Qatar"
"country.QAT" "sv" "Qatar"
"country.REU" "en" "Reunion"
"country.REU" "fi" "Réunion"
"country.REU" "sv" "Réunion"
"country.ROU" "en" "Romania"
"country.ROU" "fi" "Romania"
"country.ROU" "sv" "Rumänien"
"country.RUS" "en" "Russia"
"country.RUS" "fi" "Venäjä"
"country.RUS" "sv" "Ryssland"
"country.RWA" "en" "Rwanda"
"country.RWA" "fi" "Ruanda"
"country.RWA" "sv" "Rwanda"
"country.SAU" "en" "Saudi Arabia"
"country.SAU" "fi" "Saudi-Arabia"
"country.SAU" "sv" "Saudiarabien"
"country.SDN" "en" "Sudan"
"country.SDN" "fi" "Sudan"
"country.SDN" "sv" "Sudan"
"country.SEN" "en" "Senegal"
"country.SEN" "fi" "Senegal"
"country.SEN" "sv" "Senegal"
"country.SGP" "en" "Singapore"
"country.SGP" "fi" "Singapore"
"country.SGP" "sv" "Singapore"
"country.SGS" "en" "South Georgia and the South Sandwich Islands"
"country.SGS" "fi" "Etelä-Georgia ja Eteläiset Sandwichsaaret"
"country.SGS" "sv" "Sydgeorgien och Sydsandwichöarna"
"country.SHN" "en" "Saint Helena"
"country.SHN" "fi" "Saint Helena"
"country.SHN" "sv" "Saint Helena"
"country.SJM" "en" "Svalbard and Jan Mayen"
"country.SJM" "fi" "Svalbard ja Jan Mayen"
"country.SJM" "sv" "Svalbard och Jan Mayen"
"country.SLB" "en" "Solomon Islands"
"country.SLB" "fi" "Salomonsaaret"
"country.SLB" "sv" "Salomonöarna"
"country.SLE" "en" "Sierra Leone"
"country.SLE" "fi" "Sierra Leone"
"country.SLE" "sv" "Sierra Leone"
"country.SLV" "en" "El Salvador"
"country.SLV" "fi" "El Salvador"
"country.SLV" "sv" "El Salvador"
"country.SMR" "en" "San Marino"
"country.SMR" "fi" "San Marino"
"country.SMR" "sv" "San Marino"
"country.SMX" "en" "Sint Maarten (Dutch part)"
"country.SMX" "fi" "Sint Maarten (Alankomaiden osa)"
"country.SMX" "sv" "Sint Maarten (Nederändensk del)"
"country.SOM" "en" "Somalia"
"country.SOM" "fi" "Somalia"
"country.SOM" "sv" "Somalia"
"country.SPM" "en" "Saint Pierre and Miquelon"
"country.SPM" "fi" "Saint-Pierre ja Miquelon"
"country.SPM" "sv" "Saint Pierre och Miquelon"
"country.SRB" "en" "Serbia"
"country.SRB" "fi" "Serbia"
"country.SRB" "sv" "Serbien"
"country.SSD" "en" "South Sudan"
"country.SSD" "fi" "Etelä-Sudan"
"country.SSD" "sv" "Sydsudan"
"country.STP" "en" "Sao Tome and Principe"
"country.STP" "fi" "São Tomé ja Príncipe"
"country.STP" "sv" "São Tomé och Príncipe"
"country.SUR" "en" "Suriname"
"country.SUR" "fi" "Suriname"
"country.SUR" "sv" "Surinam"
"country.SVK" "en" "Slovakia"
"country.SVK" "fi" "Slovakia"
"country.SVK" "sv" "Slovakien"
"country.SVN" "en" "Slovenia"
"country.SVN" "fi" "Slovenia"
"country.SVN" "sv" "Slovenien"
"country.SWE" "en" "Swedish"
"country.SWE" "fi" "Ruotsi"
"country.SWE" "sv" "Sverige"
"country.SWZ" "en" "Swaziland"
"country.SWZ" "fi" "Swazimaa"
"country.SWZ" "sv" "Swaziland"
"country.SYC" "en" "Seychelles"
"country.SYC" "fi" "Seychellit"
"country.SYC" "sv" "Seychellerna"
"country.SYR" "en" "Syria"
"country.SYR" "fi" "Syyria"
"country.SYR" "sv" "Syrien"
"country.TCA" "en" "Turks and Caicos Islands"
"country.TCA" "fi" "Turks- ja Caicossaaret"
"country.TCA" "sv" "Turks- och Caicosöarna"
"country.TCD" "en" "Chad"
"country.TCD" "fi" "Tsad"
"country.TCD" "sv" "Tchad"
"country.TGO" "en" "Togo"
"country.TGO" "fi" "Togo"
"country.TGO" "sv" "Togo"
"country.THA" "en" "Thailand"
"country.THA" "fi" "Thaimaa"
"country.THA" "sv" "Thailand"
"country.TJK" "en" "Tajikistan"
"country.TJK" "fi" "Tadzikistan"
"country.TJK" "sv" "Tadjikistan"
"country.TKL" "en" "Tokelau"
"country.TKL" "fi" "Tokelau"
"country.TKL" "sv" "Tokelau"
"country.TKM" "en" "Turkmenistan"
"country.TKM" "fi" "Turkmenistan"
"country.TKM" "sv" "Turkmenistan"
"country.TLS" "en" "East Timor"
"country.TLS" "fi" "Itä-Timor"
"country.TLS" "sv" "Östra Timor"
"country.TON" "en" "Tonga"
"country.TON" "fi" "Tonga"
"country.TON" "sv" "Tonga"
"country.TTO" "en" "Trinidad and Tobago"
"country.TTO" "fi" "Trinidad ja Tobago"
"country.TTO" "sv" "Trinidad och Tobago"
"country.TUN" "en" "Tunisia"
"country.TUN" "fi" "Tunisia"
"country.TUN" "sv" "Tunisien"
"country.TUR" "en" "Turkey"
"country.TUR" "fi" "Turkki"
"country.TUR" "sv" "Turkiet"
"country.TUV" "en" "Tuvalu"
"country.TUV" "fi" "Tuvalu"
"country.TUV" "sv" "Tuvalu"
"country.TWN" "en" "Taiwan"
"country.TWN" "fi" "Taiwan"
"country.TWN" "sv" "Taiwan"
"country.TZA" "en" "Tanzania"
"country.TZA" "fi" "Tansania"
"country.TZA" "sv" "Tanzania"
"country.UGA" "en" "Uganda"
"country.UGA" "fi" "Uganda"
"country.UGA" "sv" "Uganda"
"country.UKR" "en" "Ukraine"
"country.UKR" "fi" "Ukraina"
"country.UKR" "sv" "Ukraina"
"country.UMI" "en" "United States Minor Outlying Islands"
"country.UMI" "fi" "Yhdysvaltain pienet erillissaaret"
"country.UMI" "sv" "Förenta Staternas mindre öar i Oceanien och Västindien"
"country.URY" "en" "Uruguay"
"country.URY" "fi" "Uruguay"
"country.URY" "sv" "Uruguay"
"country.USA" "en" "United States (USA)"
"country.USA" "fi" "Yhdysvallat (USA)"
"country.USA" "sv" "Förenta Staterna (USA)"
"country.UZB" "en" "Uzbekistan"
"country.UZB" "fi" "Uzbekistan"
"country.UZB" "sv" "Uzbekistan"
"country.VAT" "en" "Vatican"
"country.VAT" "fi" "Vatikaani"
"country.VAT" "sv" "Vatikanstaten"
"country.VCT" "en" "Saint Vincent and the Grenadines"
"country.VCT" "fi" "Saint Vincent ja Grenadiinit"
"country.VCT" "sv" "Saint Vincent och Grenadinerna"
"country.VEN" "en" "Venezuela"
"country.VEN" "fi" "Venezuela"
"country.VEN" "sv" "Venezuela"
"country.VGB" "en" "British Virgin Islands"
"country.VGB" "fi" "Brittiläiset Neitsytsaaret"
"country.VGB" "sv" "Brittiska Jungfruöarna"
"country.VIR" "en" "US Virgin Islands"
"country.VIR" "fi" "Yhdysvaltain Neitsytsaaret"
"country.VIR" "sv" "Amerikanska Jungfruöarna"
"country.VNM" "en" "Vietnamese"
"country.VNM" "fi" "Vietnam"
"country.VNM" "sv" "Vietnam"
"country.VUT" "en" "Vanuatu"
"country.VUT" "fi" "Vanuatu"
"country.VUT" "sv" "Vanuatu"
"country.WLF" "en" "Wallis and Futuna"
"country.WLF" "fi" "Wallis ja Futuna"
"country.WLF" "sv" "Wallis och Futuna"
"country.WSM" "en" "Samoa"
"country.WSM" "fi" "Samoa"
"country.WSM" "sv" "Samoa"
"country.YEM" "en" "Yemen"
"country.YEM" "fi" "Jemen"
"country.YEM" "sv" "Yemen"
"country.ZAF" "en" "South Africa"
"country.ZAF" "fi" "Etelä-Afrikka"
"country.ZAF" "sv" "Sydafrika"
"country.ZMB" "en" "Zambia"
"country.ZMB" "fi" "Sambia"
"country.ZMB" "sv" "Zambia"
"country.ZWE" "en" "Zimbabwe"
"country.ZWE" "fi" "Zimbabwe"
"country.ZWE" "sv" "Zimbabwe"
"country.country" "en" "Country"
"country.country" "fi" "Maa"
"country.country" "sv" "Land"
